Views,reposted,Title_without_emoji,PYQ_Text_without_emoji,QuantileLabel
1570,0,【CSSA迎新会】2021全新启航，遇见每一个最“牛”的你！,2021semester1迎新会即将到来啦～想认识新朋友，了解学生会，一起云逛校园吗？迎新会通通满足你，快找CSSA小助手报名参加吧！,0.9067796610169492
711,0,【CSSA 3.4号线上Oweek】2021第一场大爬梯：点击解锁你的大学生活！,想了解更多CSSA活动和福利，加入CSSA大家庭吗？3月4日墨尔本时间12-2点，我们在Hopin等你来！偷偷告诉你，还有精彩表演和抽奖福利哦～,0.4915254237288136
807,1,【CSSA折扣商家】小黑卡福利，出示小黑卡酸奶免费领！,拿CSSA会员小黑卡就能免费拿一杯酸奶这个羊毛不薅，更待何时。CSSA联合一杯酸牛奶为了让大家新学期有一个fresh start从今日起到3月11日，只要出示小黑卡，就可以免费到门店另一杯清爽的原味酸奶拿上小黑卡就冲吧！,0.5805084745762712
793,2,【CSSA福利宣讲会】福利招聘宣讲会开始报名啦！求职萌新速戳！,CSSA福利招聘宣讲会  ，第一期我们邀请了斩获大厂offer 的Janet学姐，来为我们介绍简历和面试的种种小tips，大家可千万不能错过啦！,0.565677966101695
689,1,【CSSA推荐】疫情下的澳大利亚&英国研究生申请 “新攻略”,"【CSSA推荐】新东方英国研究生申请 澳洲本科学历如何申请英国研究生？ 申请剑桥牛津,G5院校需具备哪些条件？ 通过英国一年研究生拿到3年签证 赶紧报名我们的讲座吧",0.4788135593220339
1429,0,【CSSA线上交友活动】再不来，没准真找不到朋友了！,还怕找不到新朋友吗墨尔本交朋友的新方法都在这里，快点开推文找到那个ta吧,0.8813559322033898
1101,0,【CSSA摄影大赛开始投票】用镜头留住有意义的瞬间，快来Pick自己喜爱的作品吧~,摄影大赛投票通道正式开启 照片叙说故事，记忆得以永存 文末pick你喜欢作品吧 边听歌边看吧,0.7627118644067796
834,0,【CSSA桌游活动】拼智商，飙演技的时候到啦！,Easter假期担心太无聊？周六CSSA约你组局啦狼人杀阿瓦隆剧本杀，三个愿望一次满足[NoProb][NoProb]墨尔本的朋友还可以线下碰面哦，快点击推文报名参加吧,0.6207627118644068
811,1,【CSSA福利宣讲会】互联网求职指南，鹅厂学姐来帮忙 （内含鹅厂内推码）,想知道你和鹅厂距离还有多远吗？想要和鹅厂产品策划来个0距离互动吗？ 4.6日晚中国7点，墨尔本9点，扫描二维码报名参加宣讲会，即可与腾讯墨大校园大使来场线上约会[Wow],0.586864406779661
762,1,【CSSA 情绪发泄所】 | 你有多余的坏情绪吗？快来茶话会吧！,你是否在被期中考试压力和实习压力压的喘不过气？你是否在为情感和家庭中的问题所困扰？ 快点击推文匿名投稿诉说你的烦恼吧！！ Week6茶话会——情绪发泄所周六与你不见不散,0.538135593220339
878,0,【CSGO电竞比赛】激情5E，Rush B｜首届CSGO电竞比赛，等你来战,激情反恐，rush B！想和其他澳洲留学生玩家一决高下吗？想体验在a包b包残局1v5吗？快来参加cssa首届csgo冠军赛！和你的队友在顶峰相见！,0.6567796610169492
587,0,【CSSA 招聘】宝洁IT六大类全职岗位春招等你,世界五百强，宝洁信息技术部春招正式开始!,0.3474576271186441
421,0,【CSSA知识竞赛】 究竟谁能牛转乾坤？校园版一站到底—2021S1 DBC冠名Knowledge High知识竞赛，不服来战！,DBC冠名CSSA知识大赛今日开赛！团体，个人，各式各样的I/EQ挑战等你来！/:jj在这里，知识最大！/:@@ 第一赛段线上答题今日正式开放，开放时间：11号14:00～18号20:00（墨尔本时间）,0.19491525423728814
424,0,【CSSA宣讲会回顾】腾讯校园大使拍了拍你，并给了你一份入鹅厂攻略！,本次CSSA x腾讯福利宣讲会正式结束啦！没来得及参加的小伙伴点击查看【鹅厂/:jump简历模版】！,0.19915254237288135
746,0,【CSSA独家福利】85折Get唐人街网红融合菜！可爱到犯规的水獭奶茶送不停！,真香警告来啦 还在问“嘿，Siri，今天吃啥”吗？ 点开这篇“美食指南”，照着吃就完事！ 85折/免费甜品/买一送一哦！ ——————— 转发pyq无分组1hr 立享CSSA专属福利,0.5296610169491526
768,0,【CSSA 线下Oweek】Oweek来袭，望穿秋水等来意想不到的惊喜！,震惊没参加过线下oweek的人居然都……拿不到CSSA准备的超多福利4月20号12点Uni Plaza，快来找我们一起玩耍吧,0.5466101694915254
483,1,【CSSA知识竞赛决赛】 决赛来了！到底谁是本届DBC Knowledge High的知识大王？,DBC冠名CSSA知识竞赛决赛明日来袭！ 新奇赛制，全新题库，刺激争夺最后席位！想一睹选手们脑力比拼，神仙打架么 周六北京时间下午两点Zoom直播间等你围观哦/:jj,0.2627118644067797
249,0,【CSSA祝福】五一劳动节|致敬所有最美劳动者,一声“谢谢”说不尽心底的感动，一声“安好”祝所有的劳动者万事顺遂！同时，CSSA也在此提醒大家：①出行先做准备；②坚持个人防护；③注意饮食卫生；④关注天气变化；⑤预防媒传疾病。,0.05084745762711865
1274,1,【CSSA期末打卡活动】99%的墨大留学生final都会参加的活动竟然是…,你是否还在为找不到学习组织而困惑？ 或是还在Final的压力下生活没有规律？ 快来加入CSSA学习生活打卡活动吧/:jj 来一起寻找相同目标的小伙伴们～ 我们不见不散[Wow],0.8389830508474576
560,0,【CSSA五月折扣商家】 快来领取小黑卡母亲节暖心福利，10% off超值鲜花折扣！,我们的小小心愿，都会让她大动干戈，我们送的任何礼物，都会让她开心的像个孩子[Party] 这个人就是我们的母亲 她的节日到了，用一束花让她做全宇宙最快乐的人！ 5月份的折扣商家来了，快来看看有什么新优惠吧！,0.3199152542372881
1147,0,【CSSA研究所】墨大七之最竟是它们？一起来揭开CSSA内部人员的神秘面纱！,墨大最隐秘的角落竟然是这里？想在学校清净学习的小伙伴们速戳,0.7838983050847458
1409,0,【CSSA推荐】墨大学霸学长传授“开挂”经验，进入大厂竟是分分钟的事！还有5款必须马住的高效学习工具，保证让你爱不释手~,商科生必 想进四大必 还有好几款超好用提高学习效率的宝藏app安利给各位赶due人们[GoForIt][GoForIt][GoForIt],0.8771186440677966
2377,0,【CSSA推荐】澳洲4年拿PR VS 上海直接落户，哪种人现在过得更好？,政策天天变，到底要回国北上还是原地就业呢，这篇推文解答你[NoProb][NoProb],0.9661016949152542
885,0,【CSSA独家福利】私房川菜优惠多！Swanston酸奶半价？仅限①个月！,╭ ╯╭ ╯╭ ╯               ▍▍▍▍▍▍▍▍ ∴∵∴▄███████████∵∴ ◥█▄▄▄██▄█▄█▄████◤ ∵◥███  干饭人来了！   ███◤∵ ∴∵◥███████████◤∵∴,0.6610169491525424
651,0,【CSSA 小程序迁移与新功能】小程序v1.1的时代到来！,信息部小程序组棒棒棒！！[GoForIt] 现在也在做新功能了！大家可以期待一下,0.423728813559322
586,0,【CSSA推荐】燃梦双创| 第十六届“春晖杯”墨尔本预选赛即将盛大启动！,第十六届“春晖杯”墨尔本预选赛 即将盛大启动，欢迎所有有想法有能力的小伙伴们参与,0.3432203389830508
3112,0,【CSSA研究所】6成墨大学子单身居然跟星座有关？找对象一定要远离这个星座！,,0.9788135593220338
454,0,【CSSA端午活动】联合活动预告 | “浓情端午，四史相传” 墨尔本留学生线上知识竞赛活动,又到端午季，三校学联陪你过端午学四史啦点击推送回答端午小知识，就有机会获得粽子和香囊噢速速答题参加活动吧,0.22033898305084745
448,1,【CSSA联合活动】“情暖华夏 百年颂歌”,庆百年华诞，颂欢庆之歌。墨尔本地区三校学联诚邀同学们参与艺术作品征集活动。投稿不仅可以获得精美礼品，优秀作品也将参与最终展示环节哦。快来表达你最真挚的祝福吧,0.211864406779661
819,0,【CSSA推荐】返场福利来了! 即将缴费的同学们请查收。,【CSSA推荐】新学期就要开始啦记得使用【汇元通】缴学费墨大官方认证缴费平台：付款迅速到账，现在还享受超优汇率哦！,0.6059322033898306
4421,0,【CSSA推荐】墨大留学生，今年赚大了！,【CSSA推荐】墨大er，看到这篇文章的你们赚大发了！商科、理科、文科求职宝典在里[NoProb][NoProb]/:strong,0.9915254237288136
316,2,【CSSA小课堂】建党百年庆 | 学习四史，了解中国百年变化！,不忘本来，鉴往知来 学习四史，了解中国 不忘初心，砥砺前行 祝祖国建党节快乐，更加繁荣昌盛！,0.1038135593220339
3159,0,【CSSA上海线下迎新会】墨大网课人线下面基啦，期待交友的你们还在等什么！,哈喽在吗？来上海听干货、做游戏、交朋友咋样7月10日14：00在留学墨尔本中心不见不散哦～,0.9830508474576272
1115,0,【CSSA部门招新-信息部】学生会的唯一独家技术支持,在这里，团队专业，技术一流，合作氛围浓厚 在这里，你的每一行代码都将服务于所有墨大学子 在这里，bat大牛带队，与大家一起不断探索前沿 加入信息部，让青春燃起来,0.7711864406779662
1594,0,【CSSA部门招新-宣传部】会吃会学更会玩：帅哥美女云集地，脱单就等你了！,宣传部和你一同开启快乐大学生活 帅哥美女团建出游 推送/海报/摄影 你想学的都有 快来加入我们吧！,0.9110169491525424
1084,0,【CSSA部门招新-HR部】快乐星球集结号-就差一个你！,是什么能使cssa 惊艳四座？ 是什么能让cssa 珠联璧合？ 是什么能给cssa 锦上添花？  加入HR部门，我们给你答案~,0.7542372881355932
2157,0,【CSSA部门招新-组织部】组织千里一线牵 我在等风也等你,莫文蔚的阴天 孙燕姿的雨天 周杰伦的晴天 都不如你来组织部和我们聊聊天,0.961864406779661
1121,0,【CSSA部门招新-外联部】开始啦! 快来做我们的“新”上人吧!,外联要招新？拿来吧你！,0.7754237288135594
902,1,【CSSA活动预告】S2线上Oweek来袭，听说点进来的小可爱更容易抽到礼品！,想了解更多CSSA活动和福利，加入CSSA大家庭吗 7月23日墨尔本时间3-5pm（北京时间1-3pm），我们在Hopin等你来！ 偷偷告诉你，当天还有丰富的抽奖福利等你来拿哦～,0.673728813559322
998,1,【CSSA活动预告】迎新会 | 相约云端，齐聚线下！Hello On Campus!,想了解CSSA的活动，加入CSSA各部门？想更快融入校园生活吗 在CSSA迎新会，你想要的全都有！更有丰富奖品和精彩游戏等着你！赶快报名参加吧,0.7245762711864406
1233,0,【CSSA推荐】2021续签高峰提前到来，你续签了吗？,【CSSA推荐】8月签证续签提醒 请关注你的签证状态 请自查签证到期时间 续学签，申PSW，旅游签 联系澳洲新东方办理,0.8220338983050848
344,0,【CSSA推荐】如何搞定新学期缴费? 读它！,【CSSA推荐】你还在为不知道如何缴费而困扰吗？你还在犹豫哪种缴费方式最经济吗？现在登陆墨大官方认可平台【汇元通】！用rmb直接支付，无须繁琐电汇步骤哦！学费，书本费，住宿费均可使用同学们还不快来！,0.12076271186440678
274,0,【CSSA推荐】澳洲专属 | 小米2022秋招分享会活动开幕,小米集团2022全球校园招聘已正式开始，作为一名澳洲留学生，你准备好了吗？超多求职干货，等你来听！超多惊喜礼品，等你来拿！,0.0635593220338983
849,0,【CSSA推荐】火速持证！墨大留学生竟能毕业前拿下ACCA？9门免考加速，一年备考时间绰绰有余！备考秘籍分享来啦！,【CSSA推荐】是什么能让墨大学生能在毕业之前就拿下含金量极高的ACCA[LetMeSee]？所有秘密都藏在这篇推文里面，让我们走进WinCareer了解详情！,0.6398305084745762
1252,1,【CSSA推荐】墨尔本大学&华为云核心网｜校招专场交流会,CSSA合作的线上大厂宣讲又双叒叕来啦快来一起蹲一波华为云核心网校招线上宣讲8月13日北京时间18:30！更有专属礼物等你来拿！快来扫码报名吧！,0.8347457627118644
1369,0,【CSSA活动预告】线上交友活动｜高质量人类都在这里了！,疫情在家无社交没见过本校同学各位高质量人类快来参加CSSA线上交友活动吧在属于我们的狂欢日一起玩游戏交朋友还有机会获得精美奖品哦8月21号，高质量人类狂欢日我们不见不散,0.8728813559322034
666,0,【CSSA独家福利】正宗湘菜馆八五折还送饮品！奶茶水果茶全场七五折！,吃货们赶紧看过来 这个月CSSA带领大家探店墨尔本最不容错过的湘菜馆和奶茶店还有限时超大折扣等着你[Wow]快跟着我们一起用火辣辣的湘菜和甜甜的奶茶迎接春天吧,0.4364406779661017
1209,0,【CSSA活动预告】还在为毕业求职发愁？快来参加令人心动的offer吧！,你是否还在为找不到求职小伙伴而苦恼？或是还在如何修改简历，在群面中脱颖而出而手足无措？ 快来加入DBC令人心动的offer吧/:jj 来一起寻找志同道合的小伙伴们～ [Wow]们不见不散 ,0.8050847457627118
670,0,【CSSA招聘】OPPO海外留学生校园招聘正式启动，Join us！,OPPO2022届留学生校招超多岗位和工作地点供你选择，总有一款适合你！/:strong还有OPPO工作环境720度VR体验等着你[Wow][Wow],0.4406779661016949
638,0,【CSSA招聘】美团2022届秋季校园招聘全面启动,美团秋招全面启动！超多岗位，还可以申请校园大使，快快申请吧[Wow][Wow],0.4067796610169492
316,0,【CSSA转发】新一季活动上线，寻找会为音乐EMO的那个你！,,0.1038135593220339
402,0,【CSSA提醒】你填问卷，我来服务！还有精美礼品等着你哦！,,0.1864406779661017
773,0,【CSSA招聘】华为财经2022届应届生全球招聘全面启动,,0.5508474576271186
457,0,【CSSA会员福利】网红奶茶？日韩美妆？极限运动？CSSA专属折扣千万别错过！,九月折扣商家重磅出炉新入驻商家强势来袭！优惠多多，惊喜连连！！快带上小黑卡与墨大CSSA一起玩转墨尔本吧,0.2288135593220339
397,0,【CSSA高校联办】庆团圆，展未来！参与线上知识问答活动学联给你送月饼啦！,庆团圆·展未来 “十四五”规划线上知识问答活动！不论你在墨尔本、塔州还是国内都可以参与活动，赢得美味的月饼和精美奖品！,0.17372881355932204
644,0,【CSSA活动预告】这里有个zoom中国文化节不来了解一下！,中秋将至CSSA特举线上中国文化节活动在农历八月十五到来之际一起玩游戏学文化交朋友还有精彩好礼等着你9月19号，一起参加线上文化节提前欢度中秋吧,0.4110169491525424
616,0,【CSSA独家福利】速来领取小龙坎限时优惠，甜食星人不容错过的天堂也在这里！,号外号外 又到了CSSA【每月探店】的时间啦这个月我们带大家体验墨尔本最地道的火锅之一以及红遍全城的甜品店～外卖～直接到家快来跟我们一起体验【小龙坎】带来的家乡美味和【iCake】蛋糕带来的幸福感吧吃货们还在等什么,0.3771186440677966
867,0,【CSSA活动预告】线上桌游 | 狼人杀 x 剧本杀！对不起，我是一匹好人。,紧张又刺激的桌游战场 包含时下最热门最受欢迎桌游——狼人杀+剧本杀 丰富诱人的奖品+认识帅哥美女的场合+休闲娱乐的游戏 CSSA线上桌游活动9.20号正式举办心动不如行动,0.652542372881356
426,0,【CSSA高校联办】活动预告｜歌以咏志∙百载芳华 庆祝新中国成立72周年音乐晚会,同庆繁荣盛世，共睹青春之志 以青春你我，共敬百载芳华 9月26日墨尔本时间19点线上大型国庆活动《歌以咏志·百载芳华》 与海内外学子同庆祖国72周年华诞,0.2033898305084746
741,0,【CSSA安全提醒】突发！墨尔本发生6.0级地震，这份自救指南请你务必观看！,同学们要注意安全哦！,0.5169491525423728
750,0,【CSSA高校联办】就在明天7点｜歌以咏志∙百载芳华 庆祝新中国成立72周年音乐晚会,同庆繁荣盛世，共睹青春之志 以青春你我，共敬百载芳华 9月26日墨尔本时间19点线上大型国庆活动《歌以咏志·百载芳华》 与海内外学子同庆祖国72周年华诞,0.5338983050847458
514,0,CSSA活动报名】深夜电台｜emo人的深夜聚会,深夜电台观众群开启 | CSSA首次电台周六北京时间7点聚焦墨大学生动乱的内心世界错综复杂的爱慕关系该如何处理？难以调节的亲友矛盾又该如何面对？本周六晚你的月亮我的心，加入我们，共同讨论,0.2711864406779661
314,0,【CSSA祝福】喜迎华诞，共贺国庆！,祝大家国庆快乐哦！,0.09322033898305085
2556,0,31 October | Graduation Celebration in Shanghai 澳大利亚大学毕业庆典上海站,澳大利亚大学毕业庆典上海站来啦 名额有限 墨大同学们赶紧报名一起享受欢乐盛典吧！,0.9703389830508474
13000,0,注意！中国驻墨尔本总领馆再次提醒：回国健康码填报要点！需要同时上传在澳签证和机票行程单！,,1.0
398,0,【CSSA独家福利】Chinatown火锅吃多少送多少！墨客甜品八五折！速来薅羊毛！！！,各位吃货的小眼睛看过来啦 又到了CSSA送福利的时间啦本期的每月探店 给大家送上在Chinatown色味俱佳的火锅店 ——【香天下】 不住在ct那来看看在Glen Waverley 颜值颇高 堪称舌尖上的艺术的甜品蛋糕店——【墨客】都可【外卖】～ 甜咸搭配总有一家店满足你的胃,0.18008474576271186
6487,0,【CSSA摄影大赛】相机组投票--城市记忆,2021届摄影大赛投票开始啦！,0.9957627118644068
2051,0,【CSSA摄影大赛】手机组投票--风味半球,今天手机组投票开通啦,0.9491525423728814
698,1,【CSSA会员福利】免费领网红饮品甜品小零食卡套的福利来啦！期末复习期间尽享会员乐趣！,CSSA期末福利来啦 波子汽水免费领 各类网红小零食免费领 国潮甜品免费领 行李卡卡套免费领 10.25 周一下午2-4点 Lincoln Square 不见不散,0.4872881355932203
793,0,Event | Graduation Celebration in Guangzhou 澳大利亚大学毕业庆典广州站,在广州的朋友快来看呀,0.565677966101695
647,0,【CSSA会员福利】Final吃啥？来自CSSA的独家关怀～,喔？ct热门餐厅也加入折扣商家了？！Final期间，除了学好也要吃好哦,0.4152542372881356
866,0,【CSSA推荐】墨大在读就能报考CFA？没考完也能提升竞争力？临毕业再准备就太晚了！,CFA没考完也能提升竞争力？墨大在读就能报考了临毕业再准备就太晚了本周日晚十年培训经验的CFA&FRM持证人直播讲解！想要了解CFA对你未来就业的增值空间扫码报名[GoForIt],0.6483050847457628
714,0,【CSSA独家福利】宝藏潮汕火锅，满分剧本杀玩剧社，超多限时优惠！,CSSA十一月的独家福利来啦超火的剧本杀【玩剧社】盒装/城限/独家剧本都有9折优惠还有宝藏餐厅【潮汕牛肉火锅】全场88折食材鲜嫩，汤底甜美，Final结束赶紧和朋友约起来吧～现在去两家店都送饮料噢[Yeah!],0.4957627118644068
1944,0,【CSSA推荐】墨大年底毕业的留学生注意！最后一次机会，省下1000英镑！错过血亏！,墨大年底即将毕业的同学请注意澳新地区留学生在读即申请ACCA加速计划，最高省下1000英镑提前豁免9科免考仅需考4门就能成为准持证人！详情请扫码入群咨询,0.9449152542372882
2156,0,【CSSA推荐】墨大周五出分！毕业出分前，留学生做好这件事，直接能省1000英镑！,墨大年底即将毕业的同学请注意澳新地区留学生在读即申请ACCA加速计划，剩下的时间已经不多啦！扫码进群，一起了解今年全澳第一的学霸学员的培训计划吧！最高省下1000英镑提前豁免9科免考仅需考4门就能成为准持证人！,0.9576271186440678
979,0,【CSSA会员福利】放假啦！还不快看看折扣商家都有啥？能薅的羊毛千万别错过哦～,墨尔本老牌粤菜+剧本杀惊喜入驻！,0.7161016949152542
730,0,【CSSA推荐】墨大大一在读就能考金融证书？考CFA前先了解下FRM！充分利用时间考证做背景提升！附22年FRM备考群和资料福利,就在今晚FRM与CFA的超强解析！两个含金量非常高的金融证书，如何规划最低成本双证到手为未来加分？赶紧扫码进群，一起来听听吧！,0.5042372881355932
481,0,【CSSA独家福利】假期恰饭打本攻略指南请查收~,CSSA十二月的的每月探店来啦宝藏剧本杀【喵喵屋】所有剧本都有8折优惠还有宝藏餐厅【墨村私房菜】全场85折圣诞将至，赶紧和朋友们一起约出去逛吃逛吃,0.2584745762711864
1046,0,【CSSA攻略】2022开学必备新生群，帮你快速找到组织~,找到组织的最快方法！ CSSA开学宝典，你值得拥有/:strong,0.7457627118644068
1029,0,【CSSA推荐】FRM | 墨大大一就能完成的高含金背景提升！高薪岗位优先录取，大一备考，火速持证！,想要快速获得金融证书？刚上大学就读商科专业，FRM金融证书对自己未来有什么帮助？快进群来看看吧,0.7330508474576272
778,0,【CSSA活动预告】线下游戏|Speed&City - 墨城寻宝,难得闲暇的假期，你是否也想在墨尔本的大街小巷感受久违的夏天呢？CSSA精心为你准备了重新认识墨尔本的机会 结交好友，体验游戏，更有精彩好礼！1月8日Speed&City，不见不散,0.5550847457627118
398,0,【CSSA会员福利】ct老牌奶茶店回归，网红饰品店加入～ 2022新的一年别忘记用上小黑卡优惠哦！,元旦快乐！！新的一年快来看看2022小黑卡都更新了什么商家吧～,0.18008474576271186
608,0,【CSSA推荐】墨大大一必考的高含金财经证书，无专业限制！还有160万补贴持证即领！,想合理利用假期时间提升自己想要在课余时间提升自身价值来看看这个无专业限制的FRM财经证书吧扫码进群或添加顾问老师获得免费学习规划和FRM备考礼包哦一起来参与吧,0.3686440677966102
352,0,【CSSA推荐】FRM课程虎年钜惠！墨大校区双人团立减4000！还有1000元奖学金可以申请？,新学年新目标在这个Summer term我们要如何为往后的学习计划做准备？来了解一下大一就能考下的FRM财经证书吧扫码添加顾问老师了解早鸟报名更多优惠噢,0.13983050847457626
734,0,【CSSA活动预告】如虎添翼迎新春｜国内线下桌游活动来啦！,如虎添翼迎新春CSSA国内线下游戏会活动来啦想在新的一年里认识新朋友相约一起返澳吗？想和老朋友们一起共度欢乐的线下桌游时光吗？想要把精美礼品带回家吗？那就1月21日来深圳参加有趣的游戏会活动吧,0.5084745762711864
742,0,【CSSA推荐】留学生这份账单在支付宝有福利，100元支付红包，还有机票券等你来！,同学们不要错过了哦,0.5211864406779662
1298,0,【CSSA通知】春节包派发时间地点出炉，快来领取祖国母亲的爱,春节马上就要到了，快来领取来自祖国母亲的爱吧！[Party][Party][Party] 春节包可以在1月29和30号的1-5pm在墨大Law School领取。大家路过别错过！[LetMeSee][LetMeSee][LetMeSee],0.8516949152542372
1852,0,【CSSA推荐】Hi墨大留学生，澳元汇率正好，是时候用支付宝交学费啦！,支付宝缴费福利来啦,0.9322033898305084
1555,1,【CSSA活动预告】拒绝社恐，快来CSSA线上线下Oweek认识新的小伙伴吧！,对社恐say no！来自cssa的oweek活动来啦！想了解cssa举办的各类活动和职能吗？是否对自己的专业内容还有疑惑？不用担心！cssa为大家带来了干货满满的内容！线上线下全覆盖！快来参加吧！,0.902542372881356
1179,1,【CSSA新生线上茶话会】关于墨大的那些事儿,各位即将入学的同学们你们是否对墨大的学院和各种热门专业充满困惑是否对于大学生活的规划充满迷茫不怕！墨大老字号cssa将于2月20日北京时间14:00邀请最强专业讲解天团在zoom直播间解答你的所有困惑,0.8008474576271186
834,0,【CSSA宣传部招新】有爱有温度的宣传部，职等你来！,【宣传部招新】 一个人才济济，有温暖有爱的部门，职等你来,0.6207627118644068
740,0,【CSSA信息部招新】来和信息部一起做一些有意义的事情吧,【信息部招新】 我们负责cssa小程序和网站的设计和开发，欢迎各位有志之士的加入，一起来度过一段有意义的大学时光~,0.5127118644067796
925,0,【CSSA外联部招新】是时候告诉你真相了，你就是我们失散已久的家人,【外联部招新】 再度启程，等待着的是未曾绽放的芳华。自信而又坚定的新外联人，期待你的加入！,0.684322033898305
1211,0,【CSSA人力资源部招新】颜值与才华齐飞，快乐星球HR需要一个你！,【CSSA HR2022 Sem1招新】 颜值与才华齐飞，全能有爱部门HR招新啦 听说你也是帅哥美女 那不妨我们在快乐星球认识一下叭[Wow],0.809322033898305
1052,0,【CSSA组织部招新】想在你风华正茂的日子里，留下和组织的回忆,「组织部招新」 一个都是帅哥美女的部门，欢迎大家加入这个大家庭，一起写策划、办活动～ 一起在风华正茂的日子里，留下难忘的回忆,0.75
1355,0,【CSSA活动预告】迎新会｜这里有价值5000刀的奖品等你来！让我们携手并进，为你的新学期添光加彩！,【 CSSA“拍了拍”你 】初到墨尔本想结交好友 疫情在家找不到组织想更了解CSSA各部门职责快来报名参加CSSA迎新会更有精彩游戏和丰富大奖等着你③月④日下午 点我们不见不散,0.8686440677966102
801,0,【CSSA活动预告】线下游戏|Speed&City - 墨城寻宝,灿烂盛夏墨城复苏 你是否也想在墨尔本的大街小巷，感受这城市久违的心跳? 无论你是初来乍到还是苦于疫情的别离，来CSSA跟小伙伴一起线下交友益智游戏逻辑推理。更有精彩好礼等着你！3月12号，我们不见不散！,0.576271186440678
673,0,【CSSA会员福利】折扣商家新增10家！更有宝藏沉浸式剧场惊喜加入～,康康ct又有哪些折扣商家加入CSSA？,0.4491525423728814
299,0,墨大专属ACCA、CFA课程重磅推出！双人报课送1500刀金融实操课！还有Switch、iPad、Airpods免费抽,墨大同学请注意 CSSA钻石年赞WinCareer提供ACCA/CFA考证最佳培训方案推荐官方认证黄金级教培机构，通过率高达85%十六年老牌，有保障,0.08050847457627118
580,1,墨大新老学生看過來2022年CSSA首次线下宣讲会来啦各大金融证书讲解，如何选择提高自身背景添加小助手报名即可参加啦,墨大新老学生看過來2022年CSSA首次线下宣讲会来啦各大金融证书讲解，如何选择提高自身背景添加小助手报名即可参加啦,0.3389830508474576
965,1,【CSSA活动预告】打开社交圈，对社恐说不！《楚门的世界》线下交友活动,楚门的世界可以说是假的，但朋友的相伴却半点不假 让我们一起打破重重阻碍，打造小船离开小岛，开启一段神秘的旅程吧  月 日，我们等你来赴约,0.711864406779661
310,0,【CSSA活动预告】想有效入门PS/秀米？CSSA Workshop帮你搞定！,怎么用photoshop做出精美的海报？微信公众号发送的推文到底是怎么制作出来的？Week4 CSSA宣传部Workshop等你来加入！,0.0847457627118644
811,0,【CSSA活动预告】丨墨大中国学习中心 x CSSA线上中国学生交流会,在网络这片大海中，同一座城市里，你的身边可能就隐藏着校友墨大中国学习中心和CSSA梦幻联动只为帮你找到志同道合的同城校友 3月25日不见不散～,0.586864406779661
629,1,【CSSA线上福利宣讲会】携N家大厂内推码重磅来袭！,"还在为拿不到内推码而一筹莫展吗？还在面对大厂实习而不知从何下手吗？本周六墨尔本时间9:00,CSSA名企线上宣讲会，准时上线为你答疑解惑！更有家大厂内推码等你来领取！我们不见不散！",0.3983050847457627
1528,0,【CSSA会员福利】折扣商家新增17家！还有网红Tufting工作室强势入驻~,同学们，快带着小黑卡去享受专属福利吧[LetMeSee] 本月新增了17家商家！快看看有没有你感兴趣的！（偷偷告诉你：折扣多多哦[Smirk]） 肝due再累，也要记得好好干饭！好好放松！,0.8983050847457628
745,0,【CSSA推荐】毕业即就业？优秀学姐分享毕业后直进四大心得！有无证书，入职待遇差异大！,毕业回国想进四大？/:?背景不过硬，如何提高入职通过率现任澳新四大行风控经理分享考证对就业帮助有多大！薪酬待遇肉眼可见的不同！优秀学姐直播！干货满满哦,0.5254237288135594
833,0,【CSSA活动预告】 即刻上场！为荣誉而战，为梦想加冕,你多久没有重拾心底的篮球梦 4月16日墨大&RMIT联袂打造“寻找墨城路人王”篮球赛，去成为你想成为的延续那最初的感动,0.614406779661017
659,1,【CSSA活动预告】我们与恶的距离｜来一场特殊的心灵之旅,"滴滴，你收到一份CSSA的邀请函！你是否在生活和学习中遇到的烦心事？你是否有许多想法想要倾诉？如果你的答案是YES, 那就在4月23日墨尔本时间4点见吧！",0.4322033898305085
462,0,【CSSA活动预告】Unimelb x RMIT 双校篮球联赛火热开启！一起来为梦想和荣誉喝彩！,热血青春“篮”不住，寻找墨城路人王将青春装进直径24.6篮球里的少男少女们4月16日两校篮球赛报名即将截止快来加入我们拿千元大奖吧,0.24152542372881355
537,0,【CSSA推荐】墨大同学必听！从留学到就业，学姐分享从四大事务所到四大银行的成功经验！,就在明天优秀学姐干货直播背景不过硬，如何提高入职通过率现任澳新四大行风控经理分享考证对就业帮助有多大！薪酬待遇肉眼可见的不同！干货满满点进来扫码参与吧,0.3008474576271186
617,0,【CSSA每月探店】错过爱情也不能错过的沉浸剧场和餐馆看这里！,放假啦CSSA四月的独家福利来啦沉浸式剧本杀【剧说工作室】浮生若梦[Party]剧情紧扣，场景精美/:handclap还有宝藏餐厅【外卖侠】，点小龙虾还有额外优惠/::B趁假期赶紧和朋友们约起来吧～,0.3834745762711864
766,1,【CSSA福利宣讲会】商科生都想去的咨询证券投行？,专为想要拥有商科类实习经历的同学们量身定制的宣讲会！ 三位拥有头部咨询，券商，投行实习经历的学长学姐们为你分享他们的亲身经历，解答你的疑惑哦～本次更含史无前例的精华笔记分享！还不快来参与吗！,0.5423728813559322
390,0,【CSSA推荐】抢先一步！墨大留学生获得名企雇主青睐的最好机会，认准这块就业敲门砖，背景提升杠杠的,我们作为留学生，除了优秀的成绩和相关工作经验外，有哪些对简历/面试关脱颖而出至关重要WinCareer联合【中澳企业家峰会】发起人Jack分享如何明确目标，包装自己从而提升职场竞争力大家一起来听听吧,0.15677966101694915
563,0,【CSSA会员福利】萌宠专区来啦!另外新增19家新商家!,惊！毛孩子们也可以享受专属折扣啦！还有知名火锅店+沉浸剧场等19家商家强势入驻。咱就是说，拿着小黑卡，吃喝玩乐全都安排的明明白白的！,0.3305084745762712
344,0,【CSSA推荐】墨尔本大学&卓越企业系列云上课堂 | 5月中国银行课堂报名开启！,,0.12076271186440678
845,0,【CSSA活动预告】期末复习周不再迷茫！学习+健身打卡活动即将开始！,即使在最黑的夜，也要有最热的血CSSA学习健身打卡活动重磅来袭有和你一样酷爱学习健身的帅哥美女一起发奋图强 挥汗如雨，又有工作人员每天记录你每一点滴的付出积分赢取丰厚大奖不要犹豫，因为——总有一个比你更优秀的人在努力,0.635593220338983
592,0,【CSSA活动预告】快来线下职业联谊会，带你迈开面试求职第一步！,是否还在忧虑面试时穿什么衣服？是否还在烦恼如何使用LinkedIn？是否还在害怕面试的时候考官记不住你？就在5月14号！快来参加职业联谊会，和职场面试link起来吧！,0.3516949152542373
380,0,【CSSA推荐】CFA三级一次过！墨大学姐分享在校期间如何高效提升背景！为进顶级券商/投行做准备！,墨大优秀学姐经验分享 CFA三级如何一次高分过 从业6年分享如何在券商生存 在校生如何高效提升背景 一起扫码来听一下吧,0.1483050847457627
593,0,【CSSA每月探店】墨尔本平价治愈系美食来袭！让可颂汤咖喱，流油的夜包子温暖你整个冬季,【CSSA独家福利】快来看看五月份的墨尔本平价治愈系美食 三餐茶饭，四季衣裳，而尝遍所有美味却依旧贪恋的味道我们称之为家。CSSA 携手Waku Waku和小巷在这个冬季勾起你对家乡的回忆,0.3559322033898305
674,0,【CSSA三校活动】浓情端午，层层出粽，为你心中的端午印象投票吧～,端午短文照片征集正式结束啦，各位同学快来通过这篇推文为你喜欢的短文和照片打call吧/:handclap  同学们记得明天(6.1)下午1：30之后在Law Building领粽子 (粽子有限 先到先～),0.4597457627118644
527,0,【CSSA会员福利】折扣商家新增8家！,好消息 好消息 本月新增家折扣商家！不但有网红Tufting工作室还有时尚家居店强势入驻！考完试可以约着朋友们安排一波了！（ps：记得一定要刷小黑卡享受专属折扣哦。）,0.2923728813559322
1160,0,【CSSA推荐】S2 选课已经开放，你选好了吗？,,0.7923728813559322
898,0,【CSSA推荐】学费好贵啊，大家要分成几次交吗？,,0.6694915254237288
1622,1,【CSSA联谊活动】盲盒恋人｜180mins心动加速，温暖墨尔本的寒冷冬日,什么什么？CSSA推出了真人版盲盒活动即使看不见你的脸也能读懂你的心 。月日晚，让我们共赴一场“盲盒恋人”心动之旅 听，刚才我的心多为你跳了一下,0.9152542372881356
1322,0,【CSSA HR部招新】颜值与才华齐飞，快乐星球HR需要一个你！,【CSSA HR2022 Sem2招新】 颜值与才华齐飞，全能有爱部门HR招新啦 听说你也是帅哥美女 那不妨我们在快乐星球认识一下叭[Wow],0.8559322033898306
1035,0,【CSSA外联部招新】拒绝内卷的部门，和外联人一起快乐玩耍！,【外联部招新】 全是俊男美女的部门开始招新啦！走过路过不要错过，快来做我们的“新”上人！,0.7372881355932204
1161,0,【CSSA组织部招新】一见倾“新”——The Season of Us,「组织部招新」 一个都是帅哥美女的部门，欢迎大家加入这个大家庭，一起写策划、办活动～ 一起创造the seasons of us (っ˘зʕ•̫͡•ʔ,0.7966101694915254
1131,0,【CSSA活动预告】CSSA线下Oweek，我们在Union House等着你！,CSSA的Oweek活动又来啦！带你了解更多社团职能！7月21日CSSA在Union House与你不见不散我们寻找的就是你！快来参加吧！,0.7796610169491526
839,0,【CSSA推荐】墨大太卷了！在校留学生想短期内背景提升？墨大优秀学姐高能分享进入顶级外资银行经验！,墨大在读如何短期内高效提升背景大厂看重应届生什么特质？周四20:00特邀墨大的顶级外资银行优秀学姐传授干货赶紧扫码报名吧,0.6313559322033898
1348,0,【CSSA活动预告】CSSA海上游轮派对之旅，新的学期我们不说再见！,下周五7.29下午迎新会26 Therry St大家不见不散！超多奖品超多惊喜等你来哦！,0.864406779661017
929,0,【CSSA线下茶话会】初来乍到！这份吃喝玩乐攻略让你快速融入这座城市,第一次来墨尔本的你，面对陌生的城市，吃喝玩乐是否无从下手8月5日CSSA线下茶话会，就在今天 让你更好的融入这座奇迹之城,0.690677966101695
1154,0,【CSSA活动预告】2022飞盘体验赛 | 向你发出邀请函！,走让我们一起玩飞盘 让快乐飞一会儿～ CSSA飞盘体验赛，让你在了解飞盘运动，锻炼身体的同时交到一群志同道合的朋友，8月20日等你来嗨～,0.788135593220339
888,0,"【CSSA线下文化节】品味悠久中华文化,传承灿烂华夏文明",人文初始吉祥地，历史再铸锦绣天  集书艺演文字品美食载历史我们一起穿越千年，身临其境9月1日North Court让我们与中华文化对话,0.6652542372881356
674,0,【CSSA转发】嘿！同学你的2022年月饼已到帐，请查收你的月饼礼盒！,中秋月饼别着急买！ 新东方✘小鹿月饼盲盒福利来咯！ 120盒高颜值奶黄流心月饼发圈必备！ 快戳链接薅羊毛！,0.4597457627118644
1093,0,【CSSA活动】CSSA发月饼啦 | 中秋佳节来相会,中秋佳节将来到，福利月饼真是妙，那日嫦娥问你知多少。若是闯关闯关闯的好，cssa奖品少不了！9月9日下午五点您请早，拿了奖品的同学都说好！,0.7584745762711864
925,0,【CSSA活动预告】offer活动回归！求职大作战,号外号外 线上模拟面试教学即将开启，唱响职场旅程，虚位以待，职等你来！9月16日墨尔本两点！天青色等烟雨，我在zoom等你,0.684322033898305
611,0,【CSSA推荐】学期过半，大家返澳后过的是否happy呀？,,0.3728813559322034
525,0,【CSSA推荐】今天开始！墨尔本步步生莲！世界级光影展登录，中式绝美刷爆朋友圈！,世界级中式沉浸式光影展Wisdom & Light 月将在墨尔本开展[Wow] 迪士尼、奥运会同一制作团队创作 沉浸式感官体验还有书法互动 限定4周快和小伙伴一起打卡吧[Hey],0.288135593220339
675,0,【CSSA会员福利】折扣商家,又有10家商家强势入驻啦 本月小黑卡目录全新升级！ 不但有汇总版本还有不同分类的推文 餐饮美食（餐厅+饮品+甜品） 消费购物（超市+服饰+花店） 美丽BUFF加成（美发+美甲美睫+美容护肤） 休闲娱乐（剧本杀+音乐舞蹈+约会好去处） 生活服务（家政清洁+物流+宠物+其他专业服务） 大家快快把推文收藏起来，这样找起来不迷路～（ps：分类版本在公众号里）,0.4703389830508475
521,0,【CSSA推荐】澳新限定！墨大在读生考ACCA最高可免9门？怒省1100英镑！！,ACCA全员加速计划 最高免考9门怒省1000英镑 ACCA学习资料大礼包 心动不如行动 ,0.2775423728813559
630,0,【CSSA推荐】墨大留学生救命指南！简历苍白，毕业即失业怎么破？,前方高能在读留学生高效背景提升 四大任职优秀学长，考证干货分享！ 财会证书背景的简历更受雇主青睐 在读期间如何为未来着手准备？扫码进来看看吧,0.4025423728813559
523,0,【CSSA每月探店】还有什么比赶完due后来一顿热气气腾腾的火锅和玩tufting更解压的吗,,0.2838983050847458
242,0,【CSSA推荐】MCSA熊猫音乐节--即将售罄！离本年度最有氛围的粉色海洋只剩下一天！！！,,0.046610169491525424
1649,0,【CSSA推荐】如何快速识别墨大留学圈中的有钱人,,0.9194915254237288
930,0,【CSSA高校联办】就在今天！｜“颂锦绣山河，庆盛世中华” 墨尔本留学生庆祝新中国成立73周年文艺晚会,,0.6949152542372882
624,1,【CSSA摄影大赛】用镜头长存美好,CSSA一年一度的摄影大赛又双叒回归啦！ 相机组主题：朝圣 手机组主题：寻找生活中的电影感 快来投稿吧！,0.3940677966101695
521,0,【CSSA推荐】紫金矿业 | 2023届金榜生全球招聘——海外落地宣讲会“墨尔本大学专场”正式启动！,又是一年毕业季，紫金矿业携手墨尔本大学CSSA海外招聘计划来啦！10月11号墨尔本时间15:00-18:30全球最大+福利最好的矿业公司，在线发布多重职位，带着美味小食和精美礼品等你来！快快联系小助手报名加入活动群。我们不见不散！,0.2775423728813559
1667,0,【CSSA推荐】墨大留学生真实薪资曝光：又被秀到了！,,0.923728813559322
932,0,【CSSA推荐】墨大毕业生高薪的秘诀！紫金矿业 | 2023届金榜生全球招聘——海外落地宣讲会“墨尔本大学专场”正式启动,"全球最大+福利最好的矿业公司招新啦！紫金矿业携国内外名校开启全球宣讲会计划“职”为等你！ 本次宣讲会不但为墨大学生准备了百份精美晚餐+饮品，还准备了超级大奖！数量有限，先到先得！除此之外，还有与紫金高管面对面交流，现场自由问答交流，及现场签到简历优先处理的宝贵机会！同学们千万不要错过！ 时间：10.11号墨尔本时间15:00—18:30。 （宣讲会约1.5小时—2小时）  地点：Alan Gilbert 120 Theatre 4, Carlton VIC 3053, Australia",0.6991525423728814
1898,0,【CSSA推荐】重磅！泰晤士突发新排名，墨大连续13年全澳第一！,,0.9364406779661016
2147,0,【CSSA摄影大赛】相机组投票--朝圣,,0.9533898305084746
3538,0,【CSSA摄影大赛】手机组投票--寻找生活中的电影感,,0.9872881355932204
384,0,【CSSA每月探店】在故事中探索情感，在设计中体会美学,,0.15254237288135594
567,0,谨防“虚拟绑架”类电信诈骗驻墨尔本总领馆提醒领区中国留学生,,0.3347457627118644
392,0,【CSSA推荐】墨大高质量留学生简历曝光，备受雇主青睐的他们都有这一共同点......, 提前了！CFA毕业前两年可报！ 划重点利好澳洲在读留学生 CFA专场宣讲会，新政策全面解读！ 有什么影响？ 怎么应对？ 留学生有哪些先天优势可利用？,0.1652542372881356
727,0,【CSSA推荐】23年S1墨尔本剩房合集！租房还有房租减免和iPad Pro抽奖！,,0.5
549,0,【CSSA推荐】墨大限定！双十二大家买的最多的竟是它......,12.12来袭！职赢财经年终钜惠！ CFA\ACCA\澳洲CPA课程全线直降！ 限时购课最高立减1000刀！！ 明年升价前最后一波骨折价！,0.3050847457627119
182,0,【CSSA推荐】电信诈骗套路知多少？快来填问卷，还有精美礼品等着你哦！,电信诈骗套路知多少？快来填问卷，还有精美礼品等着你哦！,0.0211864406779661
648,0,【CSSA会员福利】折扣商家,暑假嘛～最适合吃吃喝喝褥羊毛，我们cssa这不就来给大家送福利了！数几十家商家大出血陪大家欢度假期，美食，剧本杀，萌宠，物流，各行各业，各式各样，你想要的全都有～,0.4194915254237288
982,0,关于调整疫情期间对跨境远程文凭证书特殊认证规则的公告及解读问答,,0.7203389830508474
1036,0,【CSSA HR部招新】颜值与才华齐飞，快乐星球HR需要一个你！,号外号外！HR乘着快乐游轮全面招新来啦！ 独特的社团快乐星球，是丰富你大学生活的最佳港湾 2023，我们期待认识到更多有趣的灵魂,0.7415254237288136
787,0,【CSSA活动预告】CSSA有大事发生！这次开年oweek你绝对不能错过！,对社恐say no！[Wow]来自CSSA的oweek活动来啦 墨大中国学生会期待你的加入～想要加入的uu们，可以添加小助手4号！,0.559322033898305
799,0,【CSSA信息部招新】把梦想变为现实，从加入信息部开始！,欢迎大家来投递信息部，在丰富自己的课余生活同时，一起做一些有意义的事情吧！,0.5720338983050848
813,0,【CSSA宣传部招新】一个有爱温暖的部门！,宣传部大佬云集，各位也是技能满满，期待大家带着热情和才华加入宣传部！,0.597457627118644
940,0,【CSSA外联部招新】等你一个“新”上人！,号外号外！外联部招新啦！ 单刀作战，团队协作等你来挑战 能力upupup，朋友upupup 等你这个“新”上人，一起加入我们[Wow],0.7076271186440678
697,1,【CSSA活动预告】Speed&City----寻找One Piece,初到墨尔本的你们是否对这座城市感到好奇？是不是正愁不认识新伙伴？不用担心！来speed and city跟小伙伴一起线下交友趣味游戏，把宝藏带回家！ 2月25日，我们不见不散,0.4830508474576271
371,2,【CSSA活动预告】中国传统文化节,3.24在Market Hall举办的中华文化节不会有人还没有准备好来参加吧！？我们有来自各大地区的的美食和游戏等着大家来探索更有精彩表演！下午一点期待大家的光临,0.1440677966101695
201,0,【CSSA推荐】报名｜世界前30强研究生申请讲座，还有千元奖品现场抽！,/:sun世界这么大，想去哪个国家留学？ 留澳读研？还是换个地方去香港新加坡？ 轻松拿Offer的秘诀全在这场线上讲座！ 报名就能抽苹果手表、AirPods 3、拍立得等千元大奖！,0.025423728813559324
1444,0,【CSSA推荐】突发！留澳签证大放宽，墨大留学生躺赢！,,0.885593220338983
560,0,【CSSA活动预告】沉浸式线下桌游 ｜和我们一起体验桌上《狂飙》吧！,“桌”住你了！4.15 CSSA在Alan Gilbert准备了紧张刺激且类型多样的桌游！更有惊喜好礼等着你。快来一起桌上《狂飙》吧！下一个桌王就是你,0.3199152542372881
1014,0,【CSSA联谊活动】下一秒心动 | 同频碰撞解锁在墨尔本千万分之一的相遇,想要解锁下一秒心动的感觉吗4月23日13:30各位恋习生在MSD B117等待你们的配对沉浸式恋综体验也期待大家解锁。现场不仅有机会前排吃瓜，有缘也能遇见另一个Ta！还有机会抽取JBL的音响、拍立得等精美奖品！,0.7288135593220338
229,1,【CSSA活动预告】沉浸式线下桌游 ｜和我们一起体验桌上《狂飙》吧！,哈喽~各位桌游狂热爱好者们，好消息来啦！我们的狼人杀活动报名人数爆满，为了满足更多人的期待，我们将增加两场游戏时间，分别在13:35-14:20和15:10-16:00。让我们一起来享受狼人杀带来的欢乐时光吧！  怒海求生场次2 14:35-15:20还剩一个名额～虽然名额紧张！但是别担心，我们会有更多有趣的桌游等待大家的参与。感谢大家一如既往的支持！  以及报名时选择的时间段就会是最后参与游戏的时间段哦～,0.038135593220338986
311,1,【CSSA活动预告】沉浸式线下桌游 ｜和我们一起体验桌上《狂飙》吧！,各位同学大家好，很抱歉地通知大家，由于桌游活动报名人数爆满，为了让大家有更好地游玩体验，我们不得不提前关闭桌游的报名通道。在此向大家说一声抱歉。但未能报名的同学也不要遗憾！CSSA会在今后为大家提供更多丰富有趣的活动，届时欢迎大家来参与！再次感谢大家对本次活动的喜爱。,0.08898305084745763
219,0,【CSSA推荐】金融人生挑战赛｜从0到亿的投资决策,澳洲金融人生挑战赛开赛啦！在这里你将体验到从到亿的投资过程，享受80年的投资人生。通过对10万元启动资金的全方位的管理，实现财富自由！比赛中不仅能培养你独有的财商，还有机会获得礼品卡，高顿官方大赛证书，金融精品训练营！,0.03389830508474576
1517,2,【CSSA联谊活动】下一秒心动 | 同频碰撞解锁在墨尔本千万分之一的相遇,还等什么拉上你的小伙伴一起体验属于你们的投资人生吧！ 各位帅气的小哥哥们！恋综男嘉宾还在持续招募中，感兴趣的小哥哥赶紧来报名吧！！！期待4月23日与那个Ta见面,0.8919491525423728
122,0,【CSSA推荐】一场讲座带你了解金融行业细分及岗位！,还在为金融专业该投那些岗位发愁吗， 只知道银行，券商这些传统方向吗， 这次讲座全讲透！帮你精准选择合适你的金融岗位！ 讲座时间：就在明天4月20日星期四 下午5:00-6:00 讲座地点：601/258 little bourke street Melbourne 3000 大家快来扫码报名吧！！！,0.006355932203389831
1517,2,【CSSA联谊活动】下一秒心动 | 同频碰撞解锁在墨尔本千万分之一的相遇,4月23日下午13:30欢迎各位前排观众为恋习生们助阵速速联系小助手预留吃瓜席位，有可能也会遇到那个Ta哟～还有机会抽取JBL的音响、拍立得等精美奖品！,0.8919491525423728
289,0,【CSSA推荐】AlphaSights春招开启｜寻找“知识”摆渡人,"AlphaSights火热招聘中 - 扫描文中二维码投递香港(visa sponsored!)和上海岗位, 开启“薪”满意足的飞速成长之旅。 想要了解更多？即刻点击链接注册线上活动！ - 11:30 AM AEST, April 20, https://bit.ly/4313HtZ - 7:30 PM AEST, April 28, https://info.alphasights.com/hkcareertalk0428",0.07203389830508475
122,0,【CSSA推荐】看到这个标题，在海外的你也能领到爱奇艺十三周年福利啦,4.22爱奇艺13周年庆，大家准备好了吗？感谢一路相伴，爱奇艺为回馈粉丝们的支持，推出限时折扣优惠，为您的娱乐生活添彩！4月21日至23日，您可以享受6折的特惠价，畅享海量影视、综艺、动漫等内容。不管你喜欢哪种题材，爱奇艺海外版无地域版权限制，让你随时随地畅享。国产剧、泰剧、韩剧，统统都有！扫码即可了解详情，快来一起庆祝爱奇艺的生日吧！,0.006355932203389831
1214,0,【CSSA联谊活动】《下一秒心动》嘉宾资料大公开！,就在明天！！13:30欢迎各位前排观众为恋习生们助阵速速联系小助手预留吃瓜席位，有可能也会遇到那个Ta哟～还有机会抽取JBL的音响、拍立得等精美奖品！,0.8135593220338984
1251,0,【CSSA推荐】我不允许还有人不知道墨尔本的这几栋公寓！,今天为大家从舒适度、性价比和社交几个角度介绍四栋最最受欢迎的墨尔本学生公寓，识别文中海报，了解更多公寓详情，领取更高优惠,0.8283898305084746
671,0,【CSSA福利宣讲会】和德勤，安永，华为，腾讯，携程大佬面对面？,5月7日下午1点，CSSA线下名企实习宣讲会重磅来袭！德勤，安永，腾讯，华为和携程大佬们现身说法！更有机会获得1v1和大佬咨询！还有精美礼品等着大家！快来报名吧！,0.4449152542372881
530,0,【CSSA研究所】震撼推荐！CSSA中最火爆的游戏和运动都在这里！,信息部【CSSA研究所】推文来啦这次的主题是游戏&运动！想知道CSSA的大家都在玩什么游戏？CSSA每个部门喜欢什么运动？快快点击推文查看叭/:jump,0.2966101694915254
1251,0,【CSSA推荐】曝光！下周二，墨大偷偷搞了个大事情！,下周二晚18：00，墨大偷偷搞了个大事情！！,0.8283898305084746
128,0,【CSSA母亲节祝福】时光慢一点，爱你多一点,,0.012711864406779662
554,0,【CSSA研究所】520限定特辑！CSSA社团分析独家揭晓，爱情秘籍曝光！?,【CSSA研究所】520特别版推文来啦想知道你所在的部门孤寡率是最高的吗？想了解不同性格的同学对恋爱的期望吗快快点击查看吧！,0.3093220338983051
470,0,【CSSA会员福利】免费零食饮料等你来领！CSSA福利助力会员final“捞捞”H1！,"CSSA会员专属的Final福利来啦！ SWOT VAC零食为你的复习助力  FBE楼下公共区域，111 Barry St, Carlton VIC 3053 SWOT VAC周一 5月29日 14:00-16:00  出示小黑卡即可领取由海底捞提供的小零食一份 助力大家“捞捞”H1，复习加油哦！",0.2457627118644068
488,0,【CSSA推荐】福利来啦！墨尔本免费咖啡等你来领！温暖你的考试季！,各位同学们看过来呀Swisse免费送咖啡啦6月5日– 6月10日，就在墨尔本留学生公寓Scape，暖心幸运咖啡等你来领,0.2669491525423729
392,0,【CSSA推荐】7月免费看大片！HOYTS电影票快来领！,Final后第一波福利来啦！ 约场免费电影放松一下吧！ 大片任你选，新东方买单！ 快戳这，60张电影票全城派送啦！,0.1652542372881356
812,0,【CSSA推荐】澳洲工签延长2年，还有毕业生没申请？,澳洲毕业后不知何去何从？ 聪明的宝宝都先占着这个坑！ 独家解析PSW&GWS签证申请！ 留给自己一个随时润澳洲的机会！,0.5932203389830508
676,0,【CSSA活动预告】任何人错过这次的O-WEEK我都会伤心的！,hihi一份来自CSSA的见面礼将会在7.19的11:00-14:00的Oweek活动中为大家派送！墨尔本大学中国学生会期待各位新朋友们的加入！7.19我们在Market Hall等待你的光临！,0.4745762711864407
818,0,【CSSA部门招新】富有活力且充满奇思妙想的团队,享受快乐不如创造快乐！快来和组织部一起创造全新全异的留学生活吧！[Party][Party],0.6016949152542372
618,0,【CSSA推荐】一汽-大众海外人才招聘（墨尔本大学站）强势启动！,一汽-大众海外人才招聘（澳大利亚站）正式开启  蝉联14年中国杰出雇主 开放前沿的发展平台 具备竞争力的薪酬和福利 持续的职业发展和提升机会 多元化与创新的工作氛围  墨尔本大学专属通道已为你开启！线下宣讲会&现场面试&Offer直通车，职等你来！                               宣讲会现场更有精美伴手礼和茶歇哦！一汽-大众，我们墨尔本见！,0.3898305084745763
449,0,【CSSA活动】零食大爆发！快来CSSA迎新会玩游戏交新朋友吧！更有总价值超两千刀的奖品等着你！,叮咚迎新会现直接入场凡7月19日后激活的会员活动当天可凭借小黑卡获得刀返现活动，当天还开放现场半价入会更有机会抽取总价值近2000刀的神秘大奖让我们一起在零食的甜蜜中开启新学期吧（注：只有会员可以兑换奖品喔）,0.21610169491525424
1334,0,【CSSA活动预告】是谁的K-POP之魂在燃烧！,CSSA邀请你来参加首次Kpop随机舞蹈挑战！神仙歌单里是否有你的本命爱豆们？8月11日下午三点半在墨大south lawn等你来跳,0.8601694915254238
298,0,【CSSA活动预告】最嗨的青禾音乐节竟然...,,0.07627118644067797
348,0,【CSSA推荐】指尖旋转～邂逅粉发小霞黄绮珊,,0.13347457627118645
330,0,【CSSA推荐】指尖旋转～邂逅粉发小霞黄绮珊,,0.11016949152542373
476,0,【CSSA会员福利】八月折扣商家, 七夕将至！CSSA【小黑卡】来为大家强势助力！本月有家商家带着超低折扣强势入驻！其中不但有网红花店、花艺工作室。还有：饰品，礼物，奶茶，旅游，手工蜡烛，发型屋 ，餐厅 种类繁多，任君选择～,0.25
392,0,【CSSA活动预告】什么？！距刷屏朋友圈的墨尔本史诗级华语音乐节青禾开演只剩8天！？,,0.1652542372881356
1224,0,【CSSA活动预告】墨尔本2023年三校国庆中秋大型文艺晚会，招募通道开启！,9.30日 墨尔本线下 墨大 Monash RMIT联办国庆晚会【节目招募】  你能获得：高含金量志愿者证书+大型晚会表演经验  墨尔本有任何才艺的朋友想表演的 可以联系小助手哦 奇门遁甲，跳舞唱歌，刀枪剑戟斧钺钩叉！ 小品，戏曲，京剧 ，武术都行/:circle 有绝活的快来滴滴我[Wow],0.8177966101694916
1293,0,【CSSA舞会】璀璨奥斯卡：特工秘境之夜, 𝐂𝐒𝐒𝐀舞会·终于来啦！！ 走进 璀璨奥斯卡：特工秘境之夜，置身于绚丽与秘密交织的派对中，奖品、酒水、无限𝐏𝐇𝐎𝐓𝐎𝐁𝐎𝐎𝐓𝐇， 还有现场𝐃𝐉动感音乐伴你起舞,0.847457627118644
562,0,【CSSA推荐】赶due人绝不容错过的美食推荐！9月折扣商家来啦～,同学们期待的9月折扣商家来啦！本月又有9家新商家入驻我们小黑卡的目录单，同学们的福利又又又更新啦！快来看看我们本月的新增商家，有各式各样的餐厅奶茶，美甲美发，服装饰品，生活所需等！大家可以到公众号锁定你们的所需！赶due虽苦，但也要劳逸结合，享受生活和美食噢！！ ​,0.326271186440678
602,0,【CSSA舞会】璀璨奥斯卡：特工秘境之夜,𝐂𝐒𝐒𝐀舞会·奖品公开啦 在绚丽与秘密交织的派对中享受𝐃𝐉和无限𝐏𝐇𝐎𝐓𝐎𝐁𝐎𝐎𝐓𝐇。还有超2000的奖品等你来拿潘玮柏演唱会门票，蚕丝被套装，美容产品以及服务体验哦,0.3644067796610169
480,0,【CSSA研究所】实习小调研,还在为缺乏实习经验感到焦虑？ 对实习的体验感到迷茫？ 对于如何找到实习感到无从下手？ cssa研究所会带给你答案！[Party],0.2542372881355932
936,0,【CSSA舞会】璀璨奥斯卡：特工秘境之夜,最后天！𝐂𝐒𝐒𝐀舞会重磅来袭  超𝟐𝟎𝟎𝟎刀奖品无限𝐏𝐡𝐨𝐭𝐨 𝐁𝐨𝐨𝐭𝐡 潘玮柏演唱会门票 伴动感𝐃𝐉音乐一起狂欢 现在还有【特别票价机制】,0.7033898305084746
1836,0,【CSSA推荐】急招！PR限制大放宽，墨大同学赚大了！,墨大同学注意！没有PR也能留澳啦！,0.9279661016949152
658,0,【墨城攻略】墨尔本周边游玩攻略,小长假终于就要来临了 大家准时好来一段简单有趣的短途旅行了吗？ 快来查收这份CSSA给你推荐的游玩攻略吧！,0.4279661016949153
137,0,【CSSA推荐】巡演｜世界上会弹钢琴的Hello Kitty！凯蒂猫全澳巡演音乐会三城开跑！快来参加填色活动参赢取限量周边奖品！, 本次『Hello Kitty的蝴蝶结交响音乐会』除了带来精彩绝伦的演出，还为我们墨大CSSA的朋友们准备了专属奖品  一等奖 -神秘重量级歌手演唱会免费双人票（两份） 二等奖 - 十二门徒免费双人旅游券（六份） 三等奖 - 5% cash back （20份）  点开推文查看详情～,0.01694915254237288
409,0,【CSSA会员福利】期末好运连连，福利包你hold住了吗？你的超值羊毛，一触即发！,"叮叮！速来领取你的巨额Final福利  此次期末大礼包包括书签+蛋糕+奶茶+香薰蜡烛+各类挂件周边  FBE楼下公共区域，111 Barry St, Carlton VIC 3053  10.23 (周一)1-3 pm 先到先得哦！  大家复习加油，门门H1～",0.1906779661016949
459,0,【墨城攻略】墨大图书馆资源攻略,注意！注意！期末来临！ 准备好进入紧张刺激的复习阶段了吗 速来查收来自CSSA的一份图书馆宝典 高效利用好学校的资源一起努力冲刺吧～,0.23728813559322035
271,0,【CSSA会员福利】期末好运连连，福利包你hold住了吗？你的超值羊毛，一触即发！,"叮叮！速来领取你的巨额Final福利  此次期末大礼包包括书签+蛋糕+奶茶+香薰蜡烛+各类挂件周边  FBE楼下公共区域，111 Barry St, Carlton VIC 3053  10.23 (周一)1-3 pm 先到先得哦！  大家复习加油，门门H1～",0.059322033898305086
345,0,【CSSA推荐】张震岳-澳洲巡演《情歌岳》重磅回归！金曲制造机席卷澳洲！,张震岳2023澳洲巡演来啦！ 11月11日-墨尔本站 11月12日-悉尼站 图文内扫码即可购票！ 快来现场与阿岳一起，全场大合唱那些陪伴我们走过青春岁月的歌曲吧！/:heart,0.1271186440677966
315,0,【CSSA推荐】纵横西北！来嘉上班！综合管培生宝藏机会等你来投！,,0.09745762711864407
597,0,【CSSA推荐】无锡市公开选调海内外优秀青年人才300优质岗位诚盼您来！,【CSSA推荐】无锡市公开选调海内外优秀青年人才，300优质岗位诚盼您来！,0.3601694915254237
262,0,【CSSA会员福利】全新人气商家入驻！11月折扣商家来啦～,小伙伴们期待已久的11月折扣商家来喽！！本月又又又有多家餐厅以及买手店加入我们小黑卡的目录单～同学们即时在final周也一定要好好照顾自己，经营好生活哦！已经考完试的同学们不知道去哪里嗨皮逛吃逛吃？锁定CSSA折扣商家，本月为大家带来丰衣粥食，宵夜店，以及玩具店MEEQ等人气商家，美食和买买买的完美结合，生活品质！ 祝愿大家都可以在考试中取得好成绩！Final虽苦，大家也要好好享受生活哟～,0.05508474576271186
674,2,【CSSA推荐】新东方澳洲分公司【实习生】开始招募啦！,澳洲就业新选择！ 新东方前途出国澳洲推出“实习生导师项目” 想要成为职场新人的快来了解！ [LetMeSee]分享出去，给留学生活加点料！,0.4597457627118644
674,2,【CSSA推荐】新东方澳洲分公司【实习生】开始招募啦！,澳洲就业新选择！ 新东方前途出国澳洲推出“实习生导师项目” 想要成为职场新人的快来了解！ [LetMeSee]分享出去，给留学生活加点料！,0.4597457627118644
1909,0,【CSSA推荐】注意！留澳政策放宽，墨大同学迎来新转机！,想留澳的墨大同学，今年躺赢！,0.940677966101695
429,0,【CSSA推荐】申博讲座｜让我看看谁还在自费读博？（附奖学金攻略）,听说在澳洲读博很吃香？ 6年工签、科研资源、奖金加持... 如果有人还在为申博迷茫 不如11月29日来听听他们怎么说！,0.2076271186440678
286,0,【CSSA推荐】2023线下留学生的留澳指南，你真的要错过吗？,| 12月初将会迎来本地专业律师所Ark LEGAL与本地房地产DPG Property Group携手举办的一场满是干货的讲座！不仅能揭秘永居之路，还能教你如何在租房中保卫自己的权益！你还在等什么？快来领取租房与永居的终极指南吧！,0.06779661016949153
212,0,【CSSA会员福利】全新人气商家入驻！12月折扣商家来啦～,大家期待的12月折扣商家来喽！！小伙伴们考试后有没有好好休息呢～即将毕业的同学们不知道在哪里买花或者礼品？开启假期同学们不知道去哪里吃喝玩乐？日常生活房屋清洁不知如何选择？锁定CSSA折扣商家，多家花店，玩具店，礼品店，美食和买买买的完美结合，生活品质！祝愿同学们都可以拥有一个完美的假期，也祝毕业的小伙伴们前程似锦未来可期,0.029661016949152543
3098,0,【CSSA推荐】明确了！墨大同学再多一次留澳机会！,12月岗位捡漏！无PR的墨大留学生，持工签直接投！,0.9745762711864406
240,0,【CSSA会员福利】全新人气商家入驻！1月折扣商家来啦～,大家期待的1月折扣商家来喽！！2024年到啦，这里先祝各位小伙伴们新年快乐，事事顺心，也感谢大家过去一年的陪伴！同学们最近有没有愉快的逛吃逛吃？想和朋友一起开启假期生活但不知道去哪玩？锁定CSSA折扣商家，多家剧本杀店，手工店，礼品店，美食和买买买的完美结合，生活品质！祝愿同学们都可以拥有一个完美的假期，在2024年的伊始，所愿皆所得,0.0423728813559322
342,0,【CSSA推荐】最高可达1500万元！这所985优势学院，虚位以待！,东南大学未来技术学院诚邀海内外学者加盟[Party],0.11440677966101695
457,0,【CSSA宣传部招新】充满爱与温暖的宣传部！创造属于我们的精彩故事！,充满爱与温暖的宣传部！ 无论你是热爱摄影，还是具有美工设计、善于编写文字！ 欢迎你的加入！,0.2288135593220339
1109,0,【CSSA HR部招新】同学请留步，你五行缺“伯乐”！,ᯅ HR向你发起了招新邀请 ᯅ 开心接受          ᯅ 傲娇接受  如果你正在寻找一处温暖的归属，一个锻炼的机会，那速速接受邀请吧！我们在HR快乐星球等你到来,0.7669491525423728
457,0,【CSSA宣传部招新】充满爱与温暖的宣传部！创造属于我们的精彩故事！,充满爱与温暖的宣传部！ 无论你是热爱摄影，还是具有美工设计、善于编写文字！ 欢迎你的加入！,0.2288135593220339
836,0,【组织部招新】“来组织部成为一个造梦者吧”,新年快乐在这个好日子快来加入我们组织部吧,0.6271186440677966
617,0,【CSSA信息部招新】来信息部，和最棒的朋友做最棒的事,CSSA信息部期待你的加入 来和我们一起 做一些有意义的事情吧～,0.3834745762711864
865,0,【CSSA外联部招新】墨大PDF！预知后事：请速速加入外联…,【震惊】墨大居然有一个神秘组织，不仅能每个月免费薅羊毛，还能接收一手实习、招聘、活动消息！！！！快点击推文加入外联吧 此条推文内含超多福利彩蛋 聪明的你快来探寻一下吧,0.6440677966101694
823,0,【CSSA活动预告】 - 新生来报道！24年oweek火热来袭！,急急急让我看看是哪个墨大新生还没找到靠谱组织2.21号11:00-14:30的Oweek活动在market hall等你回家墨尔本大学中国学生会期待各位新朋友们的加入！我们不见不散！,0.6101694915254238
1280,0,【CSSA迎新会】 跃龙门，向未来,各位小伙伴快来参加3月1日17:00-19:00墨尔本大学中国学生会举办的迎新活动 是不是想了解更多关于墨大还有CSSA的信息让我们一起红红火火跃龙门向未来,0.8432203389830508
559,0,【CSSA推荐】签证提醒 | 马上将有一大波人签证到期，高频问题Q&A！,"3月15号学签快到期，还全然不知？ 忘记续签, 一不小心成【黑民】 【续签】常见Q&A大汇总！ 有问题赶紧找澳洲新东方老师",0.3135593220338983
348,0,【CSSA会员福利】全新人气商家入驻！3月折扣商家来啦～,大家期待已久的3月折扣商家来喽！！开学季来啦，同学们是否都准备好了嘛！小伙伴们的生活用品有置办好嘛？不知道去哪里逛吃逛吃？锁定CSSA折扣商家，多家剧本杀店，手工店，礼品店，美食和买买买的完美结合，生活品质！祝愿同学们开学快乐，新的学期事事顺利，学业有成,0.13347457627118645
917,0,【CSSA节日祝福】白色情人节：纯白的爱意,CSSA大家白色情人节快乐 白色情人节：纯白的爱意 ​,0.6779661016949152
